t,crop,spot,y,x
0,000,0,112.37,74.48
0,000,1,111.98,64.03
0,000,2,110.92,67.92
0,000,3,108.03,86.95
0,000,4,108.01,59.93
0,000,5,105.98,54.00
0,000,6,103.13,84.86
0,000,7,102.99,73.03
0,000,8,100.92,92.03
0,000,9,99.01,88.94
0,000,10,98.13,51.98
0,000,11,96.98,95.13
0,000,12,95.91,91.98
0,000,13,96.25,60.91
0,000,14,94.00,49.86
0,000,15,91.01,98.00
0,000,16,86.24,69.51
0,000,17,82.98,93.67
0,000,18,82.20,88.88
0,000,19,79.65,58.05
0,000,20,76.19,89.86
0,000,21,72.75,91.08
0,000,22,72.32,62.85
0,000,23,66.07,61.51
0,000,24,64.93,73.84
1,000,0,111.73,63.52
1,000,1,104.35,72.31
1,000,2,103.01,53.03
1,000,3,98.69,76.02
1,000,4,98.56,63.88
1,000,5,94.65,54.31
1,000,6,91.95,95.40
1,000,7,92.00,79.79
1,000,8,89.73,86.92
1,000,9,86.36,93.26
1,000,10,86.03,71.97
1,000,11,85.04,81.90
1,000,12,82.25,79.23
1,000,13,82.08,94.95
1,000,14,79.12,83.31
1,000,15,77.63,87.05
1,000,16,67.04,59.44
1,000,17,65.96,79.97
2,000,0,114.49,63.93
2,000,1,113.51,73.50
2,000,2,110.98,83.99
2,000,3,107.98,88.01
2,000,4,105.99,72.79
2,000,5,105.26,55.21
2,000,6,99.99,92.86
2,000,7,96.98,85.99
2,000,8,97.49,74.60
2,000,9,95.76,89.53
2,000,10,95.99,47.00
2,000,11,93.69,79.35
2,000,12,92.51,63.95
2,000,13,91.83,70.99
2,000,14,89.19,47.09
2,000,15,87.68,73.44
2,000,16,84.00,90.09
2,000,17,84.49,85.69
2,000,18,84.00,76.17
2,000,19,75.35,83.49
2,000,20,72.04,75.46
3,000,0,117.43,74.14
3,000,1,112.88,82.44
3,000,2,110.97,85.97
3,000,3,110.28,77.03
3,000,4,108.95,55.21
3,000,5,101.35,91.14
3,000,6,99.00,72.88
3,000,7,96.54,78.74
3,000,8,95.30,72.75
3,000,9,93.97,47.06
3,000,10,92.97,94.45
3,000,11,90.05,67.53
3,000,12,87.90,74.18
3,000,13,88.06,50.36
3,000,14,86.99,93.92
3,000,15,83.81,91.06
3,000,16,81.05,51.86
3,000,17,79.35,81.81
3,000,18,76.57,75.41
3,000,19,75.94,52.95
3,000,20,73.51,83.61
3,000,21,73.26,67.03
3,000,22,69.34,74.05
4,000,0,126.51,60.85
4,000,1,122.16,85.26
4,000,2,114.26,46.03
4,000,3,112.54,71.58
4,000,4,104.57,72.39
4,000,5,105.06,62.89
4,000,6,103.06,44.18
4,000,7,100.90,91.17
4,000,8,94.29,81.90
4,000,9,92.80,76.47
4,000,10,79.40,73.48
5,000,0,137.90,68.95
5,000,1,138.22,58.46
5,000,2,135.59,81.89
5,000,3,134.50,73.45
5,000,4,132.97,62.23
5,000,5,130.41,49.30
5,000,6,128.83,90.06
5,000,7,126.33,92.14
5,000,8,121.40,67.00
5,000,9,120.94,44.77
5,000,10,120.41,75.60
5,000,11,117.51,84.94
5,000,12,113.92,72.27
5,000,13,111.92,46.07
5,000,14,109.99,77.95
5,000,15,105.12,78.59
5,000,16,102.69,84.61
5,000,17,98.67,79.72
5,000,18,95.94,71.41
0,001,0,107.50,74.20
0,001,1,86.98,97.07
0,001,2,86.94,43.98
0,001,3,86.78,60.02
0,001,4,82.79,61.83
0,001,5,77.04,66.05
0,001,6,76.07,44.54
0,001,7,71.95,84.06
1,001,0,114.97,94.24
1,001,1,109.00,101.97
1,001,2,96.69,97.95
1,001,3,97.05,67.31
1,001,4,95.63,104.14
1,001,5,89.70,70.95
1,001,6,81.29,89.45
2,001,0,120.94,76.99
2,001,1,102.74,60.70
2,001,2,94.08,96.82
2,001,3,88.29,89.38
3,001,0,118.71,97.92
3,001,1,116.80,66.91
3,001,2,105.01,99.06
3,001,3,97.87,99.68
3,001,4,92.82,70.11
3,001,5,89.97,90.08
4,001,0,121.11,62.04
4,001,1,118.95,77.93
4,001,2,117.96,58.85
4,001,3,117.43,64.41
4,001,4,112.92,61.05
4,001,5,107.55,100.07
4,001,6,103.06,65.95
4,001,7,95.34,67.55
4,001,8,88.76,94.19
4,001,9,88.00,69.00
4,001,10,84.85,77.13
4,001,11,83.39,84.94
5,001,0,142.10,53.18
5,001,1,138.94,65.96
5,001,2,135.97,69.07
5,001,3,135.76,62.17
5,001,4,136.53,59.04
5,001,5,134.99,76.03
5,001,6,131.54,68.95
5,001,7,131.04,57.38
5,001,8,130.08,63.58
5,001,9,130.09,47.69
5,001,10,126.85,68.95
5,001,11,124.98,58.82
5,001,12,123.05,83.08
5,001,13,122.19,52.02
5,001,14,119.44,43.57
5,001,15,117.48,94.68
5,001,16,118.01,70.04
5,001,17,116.10,66.93
5,001,18,115.91,54.44
5,001,19,111.66,59.95
5,001,20,111.07,52.52
5,001,21,110.09,100.09
5,001,22,108.96,65.16
5,001,23,107.07,100.94
5,001,24,100.96,98.31
5,001,25,90.36,100.98
5,001,26,87.96,69.91
5,001,27,85.92,94.97
5,001,28,82.13,87.00
5,001,29,81.90,78.03
5,001,30,63.22,95.22
0,002,0,114.02,75.02
0,002,1,108.10,90.11
0,002,2,101.49,99.83
0,002,3,99.80,90.19
0,002,4,87.47,98.38
0,002,5,81.89,84.67
0,002,6,79.78,99.37
0,002,7,77.34,75.48
0,002,8,72.99,91.92
0,002,9,72.18,74.97
1,002,0,120.31,69.92
1,002,1,118.97,90.00
1,002,2,119.00,85.88
1,002,3,115.10,76.94
1,002,4,112.91,58.12
1,002,5,107.58,69.68
1,002,6,105.38,98.12
1,002,7,103.55,77.44
1,002,8,102.05,99.48
1,002,9,101.00,95.04
1,002,10,98.80,99.27
1,002,11,97.83,83.60
1,002,12,96.98,58.93
1,002,13,94.01,87.44
1,002,14,93.91,80.95
1,002,15,84.96,92.92
1,002,16,85.00,75.05
2,002,0,120.95,80.99
2,002,1,121.11,72.07
2,002,2,114.26,63.46
2,002,3,109.76,58.26
2,002,4,104.95,79.01
2,002,5,101.00,96.99
2,002,6,97.95,64.98
2,002,7,96.98,88.03
2,002,8,92.94,56.84
2,002,9,91.00,79.00
2,002,10,76.93,93.00
3,002,0,115.85,61.68
3,002,1,114.97,88.66
3,002,2,114.91,68.40
3,002,3,110.81,62.97
3,002,4,105.79,55.91
3,002,5,105.08,97.00
3,002,6,98.92,87.93
3,002,7,95.83,55.82
3,002,8,85.60,88.44
4,002,0,113.93,84.52
4,002,1,109.98,97.88
4,002,2,102.22,68.13
4,002,3,102.08,62.42
4,002,4,100.33,101.62
4,002,5,98.99,59.06
4,002,6,96.31,101.91
4,002,7,92.08,77.90
4,002,8,92.75,60.19
4,002,9,90.94,86.72
4,002,10,88.02,60.99
4,002,11,83.02,98.05
4,002,12,81.91,63.01
4,002,13,79.37,84.93
4,002,14,75.95,87.04
4,002,15,75.00,75.99
4,002,16,72.30,99.05
5,002,0,101.98,81.99
5,002,1,98.28,97.65
5,002,2,93.35,63.16
5,002,3,90.81,65.42
5,002,4,89.91,76.97
5,002,5,86.14,97.69
5,002,6,85.98,68.74
5,002,7,83.74,71.40
5,002,8,81.94,79.88
5,002,9,80.53,103.59
1,006,0,142.95,25.19
2,006,0,5.75,24.84
4,007,0,55.60,98.22
0,008,0,114.62,94.49
0,008,1,109.90,96.26
0,008,2,100.16,106.63
0,008,3,98.88,94.59
0,008,4,98.53,65.09
0,008,5,97.05,86.59
0,008,6,90.79,64.88
0,008,7,86.97,80.00
0,008,8,77.11,70.35
0,008,9,73.00,106.09
0,008,10,69.93,91.02
0,008,11,63.44,93.42
1,008,0,110.99,78.02
1,008,1,110.35,92.88
1,008,2,109.55,65.27
1,008,3,103.64,95.94
1,008,4,103.09,84.99
1,008,5,103.19,59.29
1,008,6,99.17,110.79
1,008,7,96.98,72.36
1,008,8,95.90,78.46
1,008,9,94.03,54.91
1,008,10,89.02,91.10
1,008,11,86.67,85.56
1,008,12,83.60,76.68
1,008,13,79.89,95.78
1,008,14,79.05,103.96
1,008,15,67.45,88.82
2,008,0,116.81,98.06
2,008,1,111.06,88.94
2,008,2,105.83,119.87
2,008,3,97.30,95.86
2,008,4,93.68,120.05
2,008,5,93.08,92.96
2,008,6,92.80,81.90
2,008,7,77.82,104.66
3,008,0,113.03,95.89
3,008,1,107.47,83.17
3,008,2,95.47,97.82
3,008,3,95.94,69.80
3,008,4,95.50,112.24
3,008,5,93.97,90.52
3,008,6,93.67,79.04
3,008,7,91.02,120.01
3,008,8,88.55,89.71
3,008,9,82.66,107.18
3,008,10,80.30,113.33
3,008,11,73.97,103.75
3,008,12,67.97,91.96
4,008,0,114.48,92.05
4,008,1,111.04,85.06
4,008,2,100.98,75.01
4,008,3,99.91,101.73
4,008,4,100.21,89.66
4,008,5,96.04,114.74
5,008,0,119.51,95.39
5,008,1,113.31,83.82
5,008,2,111.93,98.83
5,008,3,105.05,84.97
5,008,4,92.80,72.03
0,009,0,112.95,97.06
0,009,1,109.52,85.84
0,009,2,100.03,97.05
0,009,3,98.89,87.12
0,009,4,94.16,113.23
0,009,5,90.26,100.94
0,009,6,88.21,84.05
0,009,7,78.06,101.89
1,009,0,113.96,103.20
1,009,1,113.21,91.79
1,009,2,102.11,115.01
1,009,3,97.00,105.00
1,009,4,94.96,115.69
1,009,5,92.86,87.06
1,009,6,88.36,93.02
1,009,7,79.97,107.08
1,009,8,69.79,100.08
2,009,0,100.65,103.60
2,009,1,96.47,83.95
2,009,2,94.54,121.42
2,009,3,88.03,120.98
2,009,4,86.46,114.80
2,009,5,81.11,118.15
2,009,6,78.24,76.15
2,009,7,67.78,100.36
2,009,8,67.06,87.07
3,009,0,118.11,108.88
3,009,1,117.93,99.04
3,009,2,112.45,96.39
3,009,3,107.98,118.71
3,009,4,108.16,108.96
3,009,5,105.61,121.69
3,009,6,106.03,103.14
3,009,7,104.92,117.01
3,009,8,102.90,112.02
3,009,9,101.95,102.97
3,009,10,99.71,99.62
3,009,11,96.99,82.93
3,009,12,95.63,105.83
3,009,13,92.05,74.90
3,009,14,88.87,96.45
3,009,15,83.87,108.65
3,009,16,81.44,97.91
3,009,17,70.91,103.74
3,009,18,69.40,77.46
3,009,19,62.25,90.69
4,009,0,112.71,92.99
4,009,1,109.02,85.99
4,009,2,104.98,119.04
4,009,3,100.85,121.42
4,009,4,98.44,100.05
4,009,5,91.18,83.49
4,009,6,86.96,108.91
4,009,7,82.03,92.84
4,009,8,79.45,98.96
4,009,9,78.47,106.69
4,009,10,70.98,98.98
4,009,11,69.45,106.56
4,009,12,65.55,80.54
4,009,13,62.43,95.37
5,009,0,109.00,82.99
5,009,1,95.86,91.03
5,009,2,95.46,110.71
5,009,3,88.63,104.50
5,009,4,86.39,109.95
5,009,5,80.03,104.97
5,009,6,76.86,102.61
5,009,7,70.56,103.26
5,009,8,62.99,95.76
5,009,9,62.42,82.55
0,010,0,116.04,110.30
0,010,1,112.27,117.05
0,010,2,111.97,83.01
0,010,3,106.66,119.18
0,010,4,103.89,103.75
0,010,5,102.53,124.97
0,010,6,103.19,100.02
0,010,7,100.66,117.96
0,010,8,97.88,127.02
0,010,9,95.23,96.73
0,010,10,95.10,82.11
0,010,11,94.36,116.85
0,010,12,94.02,112.90
0,010,13,88.95,121.32
0,010,14,88.01,127.96
0,010,15,86.96,95.99
0,010,16,87.30,91.11
0,010,17,83.43,109.45
0,010,18,81.51,100.75
0,010,19,77.44,108.47
1,010,0,112.84,90.88
1,010,1,110.01,119.89
1,010,2,109.72,106.82
1,010,3,109.37,112.43
1,010,4,109.03,97.04
1,010,5,108.98,84.96
1,010,6,106.01,108.02
1,010,7,105.94,86.87
1,010,8,103.54,103.03
1,010,9,100.08,107.84
1,010,10,98.19,124.60
1,010,11,92.93,98.01
1,010,12,91.60,121.18
1,010,13,85.85,80.77
1,010,14,84.99,109.02
1,010,15,80.26,91.43
1,010,16,77.44,120.07
1,010,17,76.04,111.10
1,010,18,68.42,110.75
2,010,0,119.93,100.27
2,010,1,116.99,90.97
2,010,2,109.47,90.32
2,010,3,107.76,106.47
2,010,4,99.98,86.99
2,010,5,83.81,119.05
2,010,6,83.92,97.94
3,010,0,115.00,95.93
3,010,1,107.84,90.97
3,010,2,106.05,120.95
3,010,3,97.32,100.74
3,010,4,87.96,97.12
3,010,5,77.98,113.08
3,010,6,76.94,128.73
3,010,7,77.38,102.13
3,010,8,77.69,95.75
3,010,9,76.51,120.00
4,010,0,108.74,112.33
4,010,1,108.38,120.29
4,010,2,106.51,116.36
4,010,3,103.27,123.41
4,010,4,98.98,98.84
4,010,5,97.33,129.31
4,010,6,96.87,119.27
4,010,7,93.04,116.61
4,010,8,86.04,113.04
4,010,9,81.46,143.01
4,010,10,79.13,106.99
5,010,0,120.01,106.15
5,010,1,117.01,99.00
5,010,2,112.28,126.16
5,010,3,111.99,118.01
5,010,4,107.91,113.77
5,010,5,107.89,89.62
5,010,6,106.07,118.76
5,010,7,103.00,136.07
5,010,8,101.41,141.87
5,010,9,102.02,117.97
5,010,10,100.94,87.78
5,010,11,98.95,113.86
5,010,12,97.86,107.92
5,010,13,97.41,134.59
5,010,14,95.99,140.12
5,010,15,94.03,124.91
5,010,16,93.98,112.01
5,010,17,89.01,116.92
5,010,18,87.99,94.45
5,010,19,80.72,107.93
5,010,20,75.62,148.54
5,010,21,72.13,142.95
0,011,0,118.99,69.04
0,011,1,118.30,77.40
0,011,2,114.06,70.05
0,011,3,112.91,81.00
0,011,4,110.32,72.45
0,011,5,109.01,68.02
0,011,6,105.97,87.97
0,011,7,102.30,66.03
0,011,8,101.98,53.00
0,011,9,97.82,78.42
0,011,10,95.56,88.56
0,011,11,93.81,79.58
0,011,12,91.95,53.98
0,011,13,91.23,60.76
0,011,14,90.51,83.11
0,011,15,90.15,59.17
0,011,16,88.50,64.50
0,011,17,84.07,91.05
0,011,18,82.41,77.18
0,011,19,83.00,56.99
0,011,20,80.93,70.98
0,011,21,75.56,88.67
0,011,22,76.25,80.73
0,011,23,75.22,72.00
0,011,24,73.50,70.56
0,011,25,71.57,80.00
0,011,26,70.31,89.81
0,011,27,69.35,65.65
0,011,28,69.91,59.68
0,011,29,64.45,65.27
0,011,30,63.09,81.09
1,011,0,105.17,105.06
1,011,1,104.51,90.65
1,011,2,101.00,103.03
1,011,3,99.98,110.69
1,011,4,98.93,83.67
1,011,5,95.99,109.49
1,011,6,96.37,105.05
1,011,7,96.05,90.08
1,011,8,94.00,83.11
1,011,9,90.07,108.96
1,011,10,88.92,80.93
1,011,11,86.91,111.10
1,011,12,87.03,96.30
1,011,13,86.09,98.75
1,011,14,84.24,72.28
1,011,15,85.05,81.99
1,011,16,82.68,106.07
1,011,17,83.31,101.90
1,011,18,82.97,73.60
1,011,19,82.10,77.81
1,011,20,81.09,113.87
1,011,21,79.99,88.73
1,011,22,78.94,108.01
1,011,23,78.93,84.96
1,011,24,79.13,69.18
1,011,25,77.98,76.29
1,011,26,76.48,102.92
1,011,27,74.99,88.10
1,011,28,74.25,99.15
1,011,29,71.98,76.65
1,011,30,71.07,93.20
1,011,31,70.45,108.42
1,011,32,67.01,89.05
1,011,33,67.07,68.63
1,011,34,65.05,103.60
1,011,35,64.92,75.05
1,011,36,63.89,70.95
1,011,37,57.05,102.93
1,011,38,56.01,79.04
1,011,39,56.32,73.69
1,011,40,52.35,93.99
1,011,41,52.71,89.29
1,011,42,51.37,82.20
2,011,0,108.17,116.04
2,011,1,104.96,120.93
2,011,2,103.98,109.02
2,011,3,104.06,103.14
2,011,4,100.42,125.84
2,011,5,100.06,96.97
2,011,6,98.96,115.98
2,011,7,98.02,123.11
2,011,8,96.95,99.85
2,011,9,95.52,91.91
2,011,10,95.05,109.53
2,011,11,93.17,127.06
2,011,12,90.91,97.00
2,011,13,89.92,122.95
2,011,14,89.92,120.09
2,011,15,88.45,101.57
2,011,16,86.59,120.29
2,011,17,86.10,117.07
2,011,18,86.10,92.87
2,011,19,85.03,111.21
2,011,20,85.07,101.71
2,011,21,81.97,105.60
2,011,22,78.99,120.95
2,011,23,78.15,114.68
2,011,24,77.87,111.63
2,011,25,77.74,97.87
2,011,26,77.97,92.13
2,011,27,77.00,101.88
2,011,28,74.93,98.96
2,011,29,71.96,129.13
2,011,30,69.87,111.47
2,011,31,70.06,101.76
2,011,32,67.86,132.83
2,011,33,67.85,108.11
2,011,34,63.96,106.07
2,011,35,63.53,95.00
2,011,36,62.99,115.58
2,011,37,63.00,99.95
2,011,38,58.98,119.98
2,011,39,58.66,105.00
2,011,40,56.02,107.97
3,011,0,109.92,136.37
3,011,1,109.98,120.03
3,011,2,108.89,112.49
3,011,3,107.03,132.26
3,011,4,106.02,136.71
3,011,5,103.28,140.07
3,011,6,103.02,137.29
3,011,7,103.00,113.11
3,011,8,98.19,126.96
3,011,9,97.85,118.49
3,011,10,97.01,134.01
3,011,11,96.36,107.06
3,011,12,94.21,139.65
3,011,13,89.79,135.34
3,011,14,90.28,126.84
3,011,15,88.97,146.00
3,011,16,89.19,120.05
3,011,17,87.84,141.63
3,011,18,86.86,107.11
3,011,19,83.95,109.33
3,011,20,80.42,117.02
3,011,21,80.07,128.54
3,011,22,76.96,145.67
3,011,23,75.19,127.59
3,011,24,68.88,139.04
3,011,25,63.88,134.84
3,011,26,62.09,123.00
4,011,0,105.92,119.96
4,011,1,105.03,116.05
4,011,2,100.97,98.99
4,011,3,99.91,118.98
4,011,4,99.04,93.63
4,011,5,93.98,128.23
4,011,6,94.03,122.12
4,011,7,94.00,100.00
4,011,8,90.99,136.03
4,011,9,90.53,115.51
4,011,10,90.56,103.24
4,011,11,89.14,93.46
4,011,12,88.10,124.34
4,011,13,88.47,109.62
4,011,14,86.91,121.00
4,011,15,81.39,119.59
4,011,16,79.94,105.07
4,011,17,76.91,110.85
4,011,18,76.62,138.04
4,011,19,73.20,138.15
4,011,20,65.98,102.86
4,011,21,64.29,129.92
4,011,22,61.53,114.89
4,011,23,60.64,119.15
5,011,0,117.53,101.82
5,011,1,115.12,109.36
5,011,2,112.17,105.39
5,011,3,110.26,93.21
5,011,4,109.21,105.88
5,011,5,106.04,96.11
5,011,6,103.95,91.86
5,011,7,103.00,96.99
5,011,8,101.61,103.36
5,011,9,99.94,90.48
5,011,10,98.01,107.96
5,011,11,94.51,98.35
5,011,12,92.86,110.24
5,011,13,87.97,129.06
5,011,14,88.36,95.89
5,011,15,86.78,93.22
5,011,16,83.98,101.05
5,011,17,82.12,107.44
5,011,18,80.16,115.35
5,011,19,79.50,110.91
5,011,20,78.12,92.05
5,011,21,71.44,95.03
0,012,0,93.93,55.97
0,012,1,90.98,72.47
0,012,2,86.34,52.49
0,012,3,84.97,80.91
0,012,4,81.01,66.88
0,012,5,81.43,56.05
0,012,6,78.03,80.99
0,012,7,77.14,50.93
0,012,8,73.15,73.79
0,012,9,74.10,60.04
0,012,10,69.81,51.64
0,012,11,68.09,75.01
0,012,12,67.14,70.13
0,012,13,66.61,66.78
0,012,14,64.65,62.11
1,012,0,99.73,57.79
1,012,1,92.99,52.08
1,012,2,89.87,58.14
1,012,3,88.38,45.96
1,012,4,80.45,48.41
1,012,5,79.08,80.06
1,012,6,74.86,66.71
1,012,7,74.09,72.48
1,012,8,72.95,53.03
1,012,9,71.03,75.02
1,012,10,68.39,70.78
1,012,11,66.86,64.70
1,012,12,66.01,59.02
2,012,0,94.98,63.89
2,012,1,92.94,54.67
2,012,2,91.46,75.21
2,012,3,89.85,59.47
2,012,4,75.49,75.42
2,012,5,75.95,52.39
2,012,6,71.84,61.98
2,012,7,69.48,55.81
2,012,8,66.95,65.18
3,012,0,95.96,71.98
3,012,1,95.69,59.83
3,012,2,78.42,84.40
3,012,3,77.03,56.97
4,012,0,97.34,82.73
4,012,1,89.75,66.49
4,012,2,85.93,85.38
4,012,3,82.15,59.08
4,012,4,74.93,89.59
4,012,5,70.75,84.38
4,012,6,64.26,67.40
4,012,7,60.99,72.98
5,012,0,91.11,87.00
0,013,0,89.69,67.95
1,013,0,83.62,99.93
1,013,1,78.56,70.96
2,013,0,84.32,81.00
2,013,1,74.79,83.19
2,013,2,70.23,95.90
3,013,0,102.88,87.03
3,013,1,97.42,82.91
3,013,2,79.62,83.43
3,013,3,71.17,80.69
3,013,4,65.10,91.02
3,013,5,65.21,85.16
3,013,6,64.09,68.92
3,013,7,57.68,79.42
3,013,8,57.00,87.90
5,013,0,104.33,82.97
5,013,1,101.92,107.04
5,013,2,75.77,96.30
0,014,0,95.98,89.49
0,014,1,91.78,99.07
0,014,2,85.75,74.88
0,014,3,81.52,99.03
0,014,4,80.32,75.61
0,014,5,74.66,102.76
0,014,6,72.28,86.98
0,014,7,66.94,93.47
0,014,8,61.97,86.52
0,014,9,53.56,102.95
0,014,10,47.97,86.90
0,014,11,40.50,95.30
1,014,0,86.98,104.04
1,014,1,85.98,79.00
1,014,2,80.27,101.23
1,014,3,77.08,108.03
1,014,4,73.00,85.99
1,014,5,64.28,95.68
1,014,6,54.01,90.41
1,014,7,53.03,99.97
1,014,8,44.49,91.01
1,014,9,42.97,94.70
1,014,10,41.02,99.20
1,014,11,39.38,110.44
1,014,12,38.70,105.02
1,014,13,35.04,108.74
2,014,0,103.98,95.05
2,014,1,100.87,79.60
2,014,2,91.80,95.40
2,014,3,85.32,105.25
2,014,4,84.97,94.93
2,014,5,79.00,100.20
2,014,6,75.41,88.05
2,014,7,68.00,85.24
3,014,0,107.01,136.81
3,014,1,99.74,98.58
3,014,2,97.96,86.05
3,014,3,88.12,108.50
3,014,4,78.96,104.98
3,014,5,74.22,102.87
3,014,6,73.11,92.71
3,014,7,59.71,98.71
4,014,0,95.96,83.02
4,014,1,86.44,108.18
4,014,2,47.52,91.42
5,014,0,99.21,97.41
5,014,1,97.94,87.57
5,014,2,92.41,104.19
5,014,3,89.48,108.28
5,014,4,81.81,79.76
5,014,5,77.69,81.90
0,015,0,95.32,94.45
0,015,1,82.10,81.06
0,015,2,71.40,101.91
0,015,3,59.99,19.00
0,015,4,38.69,129.98
1,015,0,94.86,93.94
1,015,1,71.05,100.66
1,015,2,62.98,28.01
1,015,3,56.68,17.89
1,015,4,39.90,46.08
1,015,5,33.03,24.99
2,015,0,97.35,92.17
2,015,1,93.05,97.29
2,015,2,91.25,87.33
2,015,3,62.96,28.85
2,015,4,59.56,20.51
2,015,5,57.94,32.00
2,015,6,54.41,43.63
2,015,7,42.01,12.53
2,015,8,38.44,14.45
3,015,0,98.27,92.02
3,015,1,71.92,87.97
3,015,2,64.61,31.73
3,015,3,62.97,38.96
3,015,4,60.06,20.22
3,015,5,57.26,46.58
3,015,6,56.08,18.02
3,015,7,45.99,14.56
4,015,0,97.13,91.60
4,015,1,64.71,27.92
4,015,2,62.03,39.93
4,015,3,62.06,33.38
4,015,4,60.94,29.57
4,015,5,58.97,19.77
4,015,6,53.04,15.99
4,015,7,48.63,20.89
4,015,8,44.92,14.42
4,015,9,36.69,22.04
5,015,0,66.56,32.37
5,015,1,64.27,36.85
5,015,2,59.74,22.98
5,015,3,54.15,25.73
0,016,0,112.01,107.62
0,016,1,111.29,98.84
0,016,2,104.96,101.01
0,016,3,103.98,110.72
0,016,4,99.01,120.55
0,016,5,88.91,91.10
0,016,6,87.08,101.11
0,016,7,69.16,109.81
1,016,0,126.21,119.68
1,016,1,120.00,102.00
1,016,2,115.72,104.21
1,016,3,107.00,122.96
1,016,4,107.35,101.98
1,016,5,105.00,108.00
1,016,6,102.21,120.94
1,016,7,102.33,117.81
1,016,8,94.99,105.33
1,016,9,91.11,109.01
1,016,10,83.72,113.83
1,016,11,75.03,113.03
2,016,0,127.77,100.04
2,016,1,126.20,111.71
2,016,2,110.21,117.98
2,016,3,109.59,87.58
2,016,4,106.09,116.07
2,016,5,94.15,108.12
2,016,6,91.68,99.08
2,016,7,89.37,118.91
2,016,8,83.06,127.92
2,016,9,83.41,93.95
2,016,10,75.87,127.65
2,016,11,76.00,93.93
2,016,12,70.63,98.37
2,016,13,52.30,30.15
2,016,14,17.83,62.07
3,016,0,122.23,90.81
3,016,1,102.39,116.48
3,016,2,102.11,129.16
3,016,3,101.06,90.22
3,016,4,99.46,108.97
3,016,5,98.74,100.77
3,016,6,98.97,94.03
3,016,7,98.05,82.04
3,016,8,95.87,95.94
3,016,9,94.96,104.02
3,016,10,92.92,112.49
3,016,11,89.98,100.84
3,016,12,86.75,129.47
3,016,13,74.87,114.67
3,016,14,71.25,120.39
4,016,0,119.73,119.09
4,016,1,113.97,112.06
4,016,2,111.20,92.87
4,016,3,109.60,98.54
4,016,4,106.01,98.01
4,016,5,105.82,90.97
4,016,6,102.04,101.03
4,016,7,100.06,113.06
4,016,8,97.14,94.98
4,016,9,95.52,120.42
4,016,10,92.51,112.28
4,016,11,89.45,126.97
4,016,12,90.38,103.45
4,016,13,89.00,132.02
4,016,14,87.01,91.99
4,016,15,83.90,82.96
4,016,16,82.72,102.00
4,016,17,80.43,90.59
4,016,18,57.35,108.30
5,016,0,122.91,127.04
5,016,1,118.96,104.89
5,016,2,112.77,123.03
5,016,3,112.02,111.96
5,016,4,99.60,119.95
5,016,5,100.20,107.86
5,016,6,99.46,124.69
5,016,7,90.52,125.01
5,016,8,75.26,124.79
3,017,0,70.31,47.95
4,017,0,54.14,106.07
0,018,0,95.73,66.79
0,018,1,95.06,88.09
0,018,2,92.96,63.59
0,018,3,90.94,85.01
0,018,4,86.16,74.02
0,018,5,83.02,90.99
0,018,6,82.02,83.01
0,018,7,78.86,76.98
0,018,8,78.52,84.89
0,018,9,70.07,92.97
0,018,10,68.95,60.33
0,018,11,59.98,71.96
0,018,12,58.81,61.04
1,018,0,150.17,41.99
1,018,1,99.05,77.27
1,018,2,96.41,85.10
1,018,3,93.97,93.96
1,018,4,93.48,69.44
1,018,5,87.05,94.56
1,018,6,86.15,84.40
1,018,7,83.91,66.06
1,018,8,84.08,59.37
1,018,9,83.04,79.43
1,018,10,81.79,99.15
1,018,11,79.75,81.18
1,018,12,77.08,88.14
1,018,13,75.06,75.98
1,018,14,73.00,102.01
1,018,15,72.68,94.01
1,018,16,69.61,66.25
1,018,17,67.87,94.99
1,018,18,56.62,64.95
1,018,19,52.62,78.97
2,018,0,86.32,84.12
2,018,1,69.78,65.55
2,018,2,66.98,74.98
2,018,3,61.57,94.72
2,018,4,54.80,65.02
3,018,0,94.98,92.17
3,018,1,83.61,95.66
3,018,2,78.56,61.00
3,018,3,70.82,74.44
3,018,4,62.52,66.01
3,018,5,55.31,75.04
3,018,6,54.55,89.11
4,018,0,84.98,102.91
4,018,1,83.59,85.98
4,018,2,79.00,92.99
4,018,3,76.99,73.36
4,018,4,71.29,72.64
4,018,5,71.07,66.56
4,018,6,64.04,82.94
4,018,7,59.43,69.44
4,018,8,54.06,81.01
5,018,0,95.23,91.40
5,018,1,84.92,100.01
5,018,2,78.56,76.56
5,018,3,75.90,101.70
5,018,4,67.98,81.96
5,018,5,65.76,68.12
5,018,6,57.84,72.02
0,019,0,113.00,44.05
0,019,1,111.09,48.89
0,019,2,108.99,95.00
0,019,3,106.71,79.99
0,019,4,107.03,63.00
0,019,5,106.05,35.79
0,019,6,104.18,47.12
0,019,7,102.21,66.71
0,019,8,99.11,50.50
0,019,9,98.94,33.00
0,019,10,97.67,67.15
0,019,11,95.18,56.20
0,019,12,94.05,42.85
0,019,13,93.87,32.90
0,019,14,93.18,119.99
0,019,15,89.00,66.00
0,019,16,88.46,55.09
0,019,17,83.03,62.52
0,019,18,81.47,42.17
0,019,19,79.07,50.13
1,019,0,110.70,94.66
1,019,1,111.13,53.05
1,019,2,108.50,83.98
1,019,3,104.00,67.05
1,019,4,103.90,63.37
1,019,5,104.00,39.89
1,019,6,101.41,37.28
1,019,7,100.59,101.36
1,019,8,101.00,75.84
1,019,9,99.04,60.55
1,019,10,99.30,42.29
1,019,11,92.94,87.97
1,019,12,93.08,65.99
1,019,13,82.65,95.11
1,019,14,79.67,62.02
1,019,15,79.09,54.98
1,019,16,77.97,45.20
1,019,17,72.04,46.00
2,019,0,100.99,98.09
2,019,1,92.05,85.71
2,019,2,90.93,63.98
2,019,3,90.06,55.93
2,019,4,87.88,99.00
2,019,5,88.05,66.48
2,019,6,83.09,88.93
2,019,7,82.97,67.99
2,019,8,79.65,79.63
2,019,9,80.08,55.84
2,019,10,78.80,52.71
2,019,11,77.68,95.21
2,019,12,78.01,68.42
2,019,13,75.23,88.06
2,019,14,71.97,63.75
2,019,15,71.31,122.88
2,019,16,70.48,42.49
2,019,17,70.05,38.55
2,019,18,67.97,61.99
2,019,19,68.49,50.92
2,019,20,67.38,66.96
2,019,21,65.88,41.24
2,019,22,65.03,59.98
2,019,23,64.54,50.97
2,019,24,60.11,55.72
2,019,25,58.94,49.60
2,019,26,56.53,57.69
2,019,27,21.91,5.99
3,019,0,99.96,102.34
3,019,1,98.63,80.02
3,019,2,94.95,106.32
3,019,3,90.71,73.61
3,019,4,89.11,47.98
3,019,5,87.49,64.35
3,019,6,84.90,41.16
3,019,7,83.18,52.44
3,019,8,78.21,41.45
3,019,9,76.98,50.59
3,019,10,74.88,37.84
3,019,11,74.02,60.90
3,019,12,71.98,40.18
3,019,13,70.01,48.98
3,019,14,65.78,68.36
3,019,15,63.83,60.53
3,019,16,61.88,38.08
3,019,17,60.07,45.83
3,019,18,59.10,65.12
3,019,19,57.03,60.28
3,019,20,54.57,49.34
3,019,21,55.04,44.99
3,019,22,54.26,41.77
3,019,23,52.01,55.07
3,019,24,49.34,46.02
3,019,25,36.71,144.39
4,019,0,109.00,97.53
4,019,1,106.87,104.96
4,019,2,107.22,89.86
4,019,3,99.60,108.76
4,019,4,95.46,54.87
4,019,5,89.91,48.94
4,019,6,86.99,81.46
4,019,7,81.90,64.02
4,019,8,80.00,99.02
4,019,9,78.41,73.68
4,019,10,74.96,70.11
5,019,0,106.30,52.53
5,019,1,97.88,80.61
5,019,2,97.97,41.88
5,019,3,96.16,35.10
5,019,4,93.94,55.08
5,019,5,94.07,49.45
5,019,6,92.93,44.14
5,019,7,89.91,105.25
5,019,8,88.02,49.05
5,019,9,88.20,42.17
5,019,10,84.05,65.99
5,019,11,82.84,91.71
5,019,12,82.08,54.95
5,019,13,82.05,38.33
5,019,14,81.60,33.90
5,019,15,81.11,46.93
5,019,16,76.94,47.99
5,019,17,76.72,43.81
5,019,18,75.93,66.89
5,019,19,74.15,34.95
4,020,0,95.18,66.07
0,021,0,113.43,115.13
0,021,1,108.47,99.41
0,021,2,107.07,85.98
0,021,3,104.00,120.98
0,021,4,100.28,99.96
0,021,5,97.48,118.54
0,021,6,94.93,108.97
0,021,7,92.96,94.77
0,021,8,93.14,85.34
0,021,9,89.38,115.74
0,021,10,83.46,93.76
0,021,11,81.59,104.88
1,021,0,111.30,102.13
1,021,1,111.74,95.00
1,021,2,103.96,115.36
1,021,3,104.02,91.15
1,021,4,100.21,106.94
1,021,5,90.33,112.48
1,021,6,85.28,113.39
1,021,7,74.13,108.17
2,021,0,94.85,112.28
2,021,1,94.56,118.91
2,021,2,87.80,114.09
2,021,3,83.78,108.98
2,021,4,83.01,100.56
3,021,0,119.03,97.86
3,021,1,117.88,111.70
3,021,2,112.63,119.85
3,021,3,101.01,106.06
3,021,4,96.06,121.25
3,021,5,92.00,101.92
3,021,6,90.13,120.31
3,021,7,84.02,98.02
3,021,8,82.88,110.50
4,021,0,113.15,99.27
4,021,1,95.90,121.03
4,021,2,90.94,119.10
4,021,3,91.01,84.49
4,021,4,87.87,120.00
4,021,5,84.42,115.52
4,021,6,80.99,105.00
5,021,0,117.96,39.06
5,021,1,107.02,126.16
5,021,2,105.26,89.65
5,021,3,100.10,88.66
5,021,4,92.24,123.88
5,021,5,83.85,110.84
0,022,0,51.23,83.04
0,022,1,47.03,96.01
0,022,2,40.89,103.36
0,022,3,36.72,98.47
0,022,4,36.52,71.35
0,022,5,30.88,93.94
0,022,6,29.40,72.17
0,022,7,24.77,102.82
0,022,8,21.30,97.94
1,022,0,48.57,70.91
1,022,1,47.30,87.85
1,022,2,45.83,94.97
1,022,3,40.97,70.44
1,022,4,39.59,90.17
1,022,5,39.00,64.77
1,022,6,36.73,83.04
1,022,7,32.77,76.00
1,022,8,33.03,65.10
1,022,9,27.97,96.84
1,022,10,24.99,75.99
1,022,11,24.16,68.88
1,022,12,17.81,78.52
2,022,0,42.05,87.40
2,022,1,31.90,62.72
2,022,2,29.94,87.00
2,022,3,17.75,77.99
2,022,4,17.57,70.78
2,022,5,17.08,85.85
2,022,6,14.35,82.59
2,022,7,12.71,76.73
3,022,0,43.81,84.98
3,022,1,22.29,81.00
3,022,2,12.92,83.21
4,022,0,40.59,84.79
4,022,1,13.29,87.03
4,022,2,10.04,78.11
5,022,0,47.28,94.01
5,022,1,32.73,95.98
5,022,2,32.03,89.11
5,022,3,25.34,93.19
5,022,4,24.50,84.16
0,023,0,122.95,119.20
0,023,1,116.98,111.10
0,023,2,113.01,102.96
0,023,3,99.22,126.37
0,023,4,95.95,98.40
0,023,5,93.74,88.41
0,023,6,93.48,105.67
0,023,7,90.07,136.54
0,023,8,89.57,98.71
0,023,9,88.41,116.88
0,023,10,86.88,106.06
0,023,11,85.12,133.55
0,023,12,82.00,118.01
0,023,13,81.97,95.60
0,023,14,80.94,89.65
0,023,15,80.98,85.06
0,023,16,70.96,114.01
0,023,17,14.03,69.03
1,023,0,116.65,126.54
1,023,1,115.92,118.98
1,023,2,109.23,102.58
1,023,3,107.04,108.92
1,023,4,101.38,125.44
1,023,5,100.32,108.14
1,023,6,98.02,118.05
1,023,7,96.64,92.20
1,023,8,92.96,127.95
1,023,9,90.07,141.78
1,023,10,89.02,109.02
1,023,11,87.88,95.01
1,023,12,87.50,116.34
1,023,13,82.96,85.32
1,023,14,81.99,116.00
1,023,15,76.93,127.17
1,023,16,71.80,115.18
1,023,17,69.68,108.59
1,023,18,67.89,93.00
2,023,0,116.54,109.73
2,023,1,115.04,106.60
2,023,2,114.06,126.85
2,023,3,109.41,132.47
2,023,4,109.84,108.07
2,023,5,107.97,128.16
2,023,6,104.35,121.87
2,023,7,99.12,99.56
2,023,8,99.41,92.97
2,023,9,92.52,115.14
2,023,10,91.53,99.01
2,023,11,91.39,126.06
2,023,12,90.00,116.98
2,023,13,89.50,108.01
2,023,14,88.01,138.93
2,023,15,84.97,116.74
2,023,16,82.68,135.62
2,023,17,82.34,87.07
2,023,18,72.26,123.71
2,023,19,72.65,111.31
2,023,20,67.04,93.07
2,023,21,60.04,76.65
3,023,0,121.01,114.98
3,023,1,120.05,132.42
3,023,2,111.98,135.84
3,023,3,109.03,129.05
3,023,4,107.96,110.10
3,023,5,105.08,141.55
3,023,6,103.51,123.67
3,023,7,101.95,101.09
3,023,8,99.92,122.03
3,023,9,96.24,131.88
3,023,10,95.73,124.08
3,023,11,92.06,137.91
3,023,12,91.93,116.92
3,023,13,84.02,96.95
3,023,14,77.95,119.69
4,023,0,117.67,122.88
4,023,1,114.93,136.55
4,023,2,113.10,116.99
4,023,3,109.28,119.97
4,023,4,100.47,133.46
4,023,5,100.68,118.01
4,023,6,100.00,150.07
4,023,7,97.42,99.13
4,023,8,95.74,132.31
4,023,9,92.94,146.99
4,023,10,89.59,128.50
4,023,11,88.29,103.02
4,023,12,86.93,120.11
4,023,13,86.45,145.74
4,023,14,82.97,138.07
4,023,15,79.94,131.71
4,023,16,77.89,94.06
4,023,17,74.41,112.65
4,023,18,71.05,109.04
5,023,0,117.99,134.35
5,023,1,117.07,125.78
5,023,2,114.03,112.03
5,023,3,106.93,135.36
5,023,4,102.29,95.05
5,023,5,100.97,148.05
5,023,6,97.01,127.06
5,023,7,94.96,109.96
5,023,8,80.93,115.99
5,023,9,77.02,122.03
0,024,0,82.16,81.12
0,024,1,69.12,14.40
0,024,2,65.22,70.08
0,024,3,57.51,60.05
0,024,4,45.61,0.03
1,024,0,85.03,86.04
1,024,1,83.93,11.45
1,024,2,83.00,4.98
1,024,3,80.03,15.83
1,024,4,78.28,9.39
1,024,5,74.11,91.63
1,024,6,73.97,30.07
1,024,7,72.99,12.89
1,024,8,70.92,4.32
1,024,9,69.67,7.99
1,024,10,69.69,2.69
1,024,11,66.96,30.05
1,024,12,67.46,21.96
1,024,13,67.07,15.02
1,024,14,63.97,90.97
1,024,15,61.63,30.56
1,024,16,61.98,17.99
1,024,17,62.08,4.18
1,024,18,61.52,73.70
1,024,19,58.60,91.33
1,024,20,56.22,71.94
1,024,21,54.14,83.91
2,024,0,76.18,73.57
2,024,1,67.94,91.61
2,024,2,59.91,88.65
2,024,3,56.83,72.98
2,024,4,54.61,85.45
2,024,5,49.39,25.28
3,024,0,85.01,84.05
3,024,1,74.64,73.39
3,024,2,65.99,94.99
4,024,0,82.39,89.67
4,024,1,67.43,94.00
4,024,2,68.19,74.00
4,024,3,57.18,89.17
4,024,4,27.01,121.10
5,024,0,57.70,91.01
0,027,0,97.76,116.07
0,027,1,96.98,111.05
0,027,2,95.01,105.65
0,027,3,75.00,115.01
0,027,4,71.49,106.71
0,027,5,67.79,143.34
0,027,6,65.93,135.99
0,027,7,60.91,147.98
0,027,8,56.98,144.94
0,027,9,55.17,124.18
0,027,10,40.04,138.77
1,027,0,99.74,116.53
1,027,1,96.26,103.16
1,027,2,96.02,114.02
1,027,3,95.45,99.49
1,027,4,91.01,94.99
1,027,5,89.42,105.01
1,027,6,88.05,110.17
1,027,7,85.10,107.94
1,027,8,78.25,117.97
1,027,9,66.92,135.85
1,027,10,65.98,151.01
1,027,11,60.00,114.05
1,027,12,57.95,124.26
2,027,0,98.07,99.06
2,027,1,94.05,92.09
2,027,2,89.21,97.71
2,027,3,86.93,90.56
2,027,4,82.28,97.19
2,027,5,77.98,113.02
2,027,6,76.17,107.20
2,027,7,74.91,128.02
2,027,8,72.49,110.65
2,027,9,59.53,121.87
3,027,0,100.22,95.43
3,027,1,91.82,90.90
3,027,2,89.81,94.73
3,027,3,85.20,110.14
3,027,4,85.35,88.62
3,027,5,82.96,101.16
3,027,6,78.93,99.88
3,027,7,69.51,104.77
4,027,0,87.01,120.92
4,027,1,73.78,146.80
4,027,2,67.86,138.98
4,027,3,64.00,140.97
4,027,4,62.26,127.09
4,027,5,61.35,112.98
4,027,6,55.97,133.79
5,027,0,101.98,120.37
5,027,1,96.35,128.51
5,027,2,92.05,121.08
5,027,3,86.38,123.44
5,027,4,83.77,150.21
5,027,5,73.33,140.97
5,027,6,72.10,129.54
5,027,7,72.00,98.04
5,027,8,71.25,153.15
5,027,9,69.11,121.97
5,027,10,65.87,139.02
5,027,11,64.04,119.32
5,027,12,60.28,130.49
0,028,0,105.15,95.72
0,028,1,101.81,123.97
0,028,2,100.07,97.42
0,028,3,86.81,122.86
0,028,4,82.16,101.94
0,028,5,79.78,115.90
0,028,6,79.98,106.24
0,028,7,80.04,87.89
0,028,8,78.02,126.19
0,028,9,70.96,85.31
0,028,10,69.50,123.77
0,028,11,62.86,124.56
0,028,12,63.84,84.20
0,028,13,56.91,120.93
0,028,14,54.91,94.04
0,028,15,46.04,106.01
1,028,0,101.98,101.05
1,028,1,100.09,129.54
1,028,2,92.15,95.70
1,028,3,82.20,98.53
1,028,4,77.96,117.92
1,028,5,75.71,111.51
1,028,6,70.90,92.80
1,028,7,68.52,89.23
1,028,8,66.96,116.07
1,028,9,57.99,101.00
1,028,10,49.94,97.10
1,028,11,49.38,119.34
2,028,0,110.50,120.06
2,028,1,104.09,94.09
2,028,2,92.16,133.36
2,028,3,85.77,135.03
2,028,4,81.97,115.06
2,028,5,72.87,94.64
2,028,6,62.13,103.18
2,028,7,61.92,92.63
2,028,8,50.96,117.01
2,028,9,48.55,109.56
3,028,0,115.05,101.03
3,028,1,105.91,93.51
3,028,2,102.92,102.50
3,028,3,102.04,130.12
3,028,4,90.92,126.76
3,028,5,89.98,104.02
3,028,6,86.30,114.00
3,028,7,87.06,110.95
3,028,8,83.96,136.45
3,028,9,82.55,107.65
3,028,10,80.16,133.00
3,028,11,79.41,104.96
3,028,12,78.23,100.60
3,028,13,74.37,105.87
3,028,14,73.96,92.98
3,028,15,71.25,97.69
3,028,16,68.08,132.90
4,028,0,123.93,115.15
4,028,1,121.88,125.43
4,028,2,120.42,114.50
4,028,3,120.73,110.38
4,028,4,115.84,104.88
4,028,5,114.99,101.03
4,028,6,110.37,126.38
4,028,7,109.92,97.99
4,028,8,104.99,136.61
4,028,9,102.00,92.99
4,028,10,99.13,97.86
4,028,11,97.21,105.27
4,028,12,92.64,126.99
4,028,13,91.91,114.99
4,028,14,90.98,102.19
4,028,15,89.25,135.65
4,028,16,87.99,95.86
4,028,17,86.66,107.91
4,028,18,85.00,111.93
4,028,19,84.38,103.84
4,028,20,83.00,133.07
4,028,21,82.01,108.49
4,028,22,82.02,93.11
4,028,23,78.51,96.56
4,028,24,72.93,94.10
4,028,25,69.91,130.99
4,028,26,68.12,100.50
5,028,0,119.47,113.86
5,028,1,116.79,103.99
5,028,2,109.04,102.03
5,028,3,100.14,134.93
5,028,4,96.10,91.69
5,028,5,91.96,94.40
5,028,6,91.06,114.14
5,028,7,84.74,100.94
5,028,8,81.13,98.64
5,028,9,80.69,90.71
5,028,10,76.71,93.02
5,028,11,71.16,129.91
5,028,12,70.99,93.86
5,028,13,68.70,126.91
5,028,14,68.01,100.01
5,028,15,62.46,121.47
0,030,0,97.71,113.65
0,030,1,78.17,63.37
0,030,2,77.29,79.20
0,030,3,76.61,56.23
0,030,4,73.09,68.16
0,030,5,71.74,58.86
0,030,6,70.65,46.53
0,030,7,66.93,95.10
0,030,8,67.05,79.38
0,030,9,67.29,39.94
0,030,10,66.82,66.79
0,030,11,65.00,56.19
0,030,12,62.01,44.03
0,030,13,62.92,39.73
0,030,14,61.98,94.01
0,030,15,61.00,88.49
0,030,16,61.58,63.17
0,030,17,59.30,81.14
0,030,18,58.78,64.65
0,030,19,59.50,55.08
0,030,20,53.00,87.99
0,030,21,51.04,90.93
0,030,22,49.95,58.06
0,030,23,47.96,73.85
0,030,24,47.22,64.00
0,030,25,46.02,68.99
0,030,26,40.88,60.88
0,030,27,39.35,65.94
0,030,28,35.78,95.22
0,030,29,36.10,89.20
0,030,30,29.99,88.17
0,030,31,29.83,67.53
0,030,32,26.02,82.96
0,030,33,24.05,76.76
0,030,34,17.82,62.12
1,030,0,84.80,90.10
1,030,1,83.04,65.97
1,030,2,80.06,74.66
1,030,3,79.87,83.89
1,030,4,78.24,90.96
1,030,5,77.80,62.93
1,030,6,76.15,57.01
1,030,7,70.99,92.98
1,030,8,68.31,70.01
1,030,9,66.98,80.51
1,030,10,66.92,66.68
1,030,11,66.08,93.10
1,030,12,64.14,60.68
1,030,13,62.27,85.97
1,030,14,59.90,67.88
1,030,15,59.19,46.07
1,030,16,57.02,53.05
1,030,17,54.89,92.19
1,030,18,53.47,82.53
1,030,19,53.98,76.47
1,030,20,48.71,104.11
1,030,21,48.29,71.57
1,030,22,43.65,104.62
1,030,23,43.08,89.00
1,030,24,42.90,73.03
1,030,25,43.01,52.01
1,030,26,37.51,97.78
1,030,27,35.04,77.82
1,030,28,28.99,87.01
2,030,0,81.00,78.02
2,030,1,78.98,84.45
2,030,2,75.15,103.74
2,030,3,75.03,70.17
2,030,4,71.76,99.04
2,030,5,69.99,115.01
2,030,6,70.84,62.09
2,030,7,69.00,68.97
2,030,8,64.72,77.98
2,030,9,63.94,92.83
2,030,10,61.84,61.69
2,030,11,58.98,115.98
2,030,12,59.26,93.14
2,030,13,58.98,75.54
2,030,14,57.05,105.90
2,030,15,56.06,85.66
2,030,16,55.94,68.86
2,030,17,56.02,60.84
2,030,18,50.91,86.09
2,030,19,46.34,70.54
2,030,20,44.08,114.62
2,030,21,43.96,77.03
2,030,22,42.04,105.97
2,030,23,42.21,64.99
2,030,24,41.37,72.22
3,030,0,81.98,113.99
3,030,1,81.98,97.90
3,030,2,76.64,89.32
3,030,3,75.08,116.37
3,030,4,75.69,95.80
3,030,5,67.66,103.39
3,030,6,66.96,91.06
3,030,7,63.57,68.98
3,030,8,60.99,101.98
3,030,9,56.97,85.11
3,030,10,56.48,67.80
3,030,11,54.99,113.66
3,030,12,54.01,92.97
3,030,13,45.37,91.40
4,030,0,83.99,103.02
4,030,1,72.06,82.06
4,030,2,69.48,86.44
4,030,3,64.78,114.06
4,030,4,61.10,92.59
4,030,5,58.13,86.06
4,030,6,55.47,101.97
4,030,7,51.08,82.75
4,030,8,50.19,85.83
4,030,9,47.76,95.10
4,030,10,42.25,73.41
4,030,11,37.19,107.12
4,030,12,29.33,81.63
4,030,13,26.93,88.13
4,030,14,26.32,101.93
5,030,0,86.06,100.09
5,030,1,82.23,87.53
5,030,2,75.09,110.09
5,030,3,66.22,88.04
5,030,4,42.02,45.01
0,031,0,98.23,110.62
0,031,1,96.73,116.07
0,031,2,95.03,120.01
0,031,3,89.01,85.74
0,031,4,86.75,120.96
0,031,5,85.35,102.02
0,031,6,84.28,76.40
0,031,7,80.86,136.95
0,031,8,81.08,125.58
0,031,9,80.98,112.60
0,031,10,77.88,117.42
0,031,11,77.99,106.52
0,031,12,76.96,121.60
0,031,13,73.05,135.03
0,031,14,73.04,126.53
0,031,15,71.01,146.03
0,031,16,70.33,140.03
0,031,17,70.12,130.02
0,031,18,69.71,104.07
0,031,19,68.75,92.76
0,031,20,67.00,142.07
0,031,21,66.86,134.28
0,031,22,64.02,81.81
0,031,23,58.92,142.01
0,031,24,59.94,76.16
0,031,25,58.07,131.00
0,031,26,53.48,107.38
0,031,27,50.01,116.53
0,031,28,48.99,103.04
0,031,29,45.01,110.01
1,031,0,103.00,133.99
1,031,1,98.06,125.00
1,031,2,96.01,128.08
1,031,3,90.27,112.34
1,031,4,88.85,97.53
1,031,5,88.04,141.00
1,031,6,88.20,136.67
1,031,7,87.69,109.92
1,031,8,79.90,99.46
1,031,9,79.88,81.81
1,031,10,78.88,140.82
1,031,11,76.96,136.07
1,031,12,76.44,128.56
1,031,13,75.80,90.94
1,031,14,74.10,83.90
1,031,15,66.83,80.03
1,031,16,56.95,127.59
1,031,17,52.77,113.60
1,031,18,50.09,116.14
2,031,0,125.20,98.87
2,031,1,109.96,97.93
2,031,2,106.98,92.52
2,031,3,104.73,87.57
2,031,4,102.96,110.07
2,031,5,102.01,101.98
2,031,6,96.13,100.55
2,031,7,95.03,89.10
2,031,8,88.39,82.06
2,031,9,82.98,123.99
2,031,10,81.04,94.10
2,031,11,78.94,80.50
2,031,12,78.06,96.46
2,031,13,77.07,111.09
2,031,14,74.92,72.96
2,031,15,73.88,105.03
2,031,16,70.94,121.94
2,031,17,71.26,83.08
2,031,18,68.73,88.19
2,031,19,66.09,121.11
2,031,20,66.02,112.98
2,031,21,62.01,98.06
2,031,22,60.32,78.61
2,031,23,58.99,84.02
2,031,24,54.49,95.39
2,031,25,50.98,120.05
2,031,26,41.17,104.99
3,031,0,115.69,76.15
3,031,1,115.93,63.04
3,031,2,111.56,87.93
3,031,3,110.21,95.96
3,031,4,109.06,64.09
3,031,5,100.69,76.88
3,031,6,99.82,57.51
3,031,7,98.19,105.65
3,031,8,91.03,61.92
3,031,9,86.05,112.92
3,031,10,81.84,78.48
3,031,11,77.40,106.65
3,031,12,74.23,96.28
3,031,13,72.93,89.83
3,031,14,70.70,118.99
3,031,15,69.79,73.71
3,031,16,65.01,109.76
3,031,17,58.07,80.00
3,031,18,56.41,113.27
3,031,19,49.58,108.14
3,031,20,46.97,89.09
3,031,21,45.33,96.68
4,031,0,100.01,90.02
4,031,1,100.09,84.01
4,031,2,99.00,68.98
4,031,3,95.55,76.56
4,031,4,94.05,52.65
4,031,5,91.86,95.05
4,031,6,92.48,85.35
4,031,7,87.51,71.20
4,031,8,87.03,109.98
4,031,9,86.59,62.81
4,031,10,84.99,120.86
4,031,11,79.98,113.91
4,031,12,79.09,69.55
4,031,13,72.33,58.95
4,031,14,71.02,68.94
4,031,15,69.10,61.71
4,031,16,66.01,66.04
4,031,17,64.51,84.95
4,031,18,61.01,110.01
4,031,19,59.17,102.45
4,031,20,59.00,81.02
4,031,21,57.86,72.97
4,031,22,57.96,60.89
4,031,23,55.28,107.28
4,031,24,54.11,96.30
4,031,25,53.28,87.81
4,031,26,52.27,115.34
4,031,27,49.96,97.48
4,031,28,50.07,68.02
4,031,29,48.23,90.07
4,031,30,48.03,73.01
4,031,31,45.65,95.14
4,031,32,43.02,85.84
5,031,0,91.81,105.99
5,031,1,89.98,117.96
5,031,2,84.57,86.15
5,031,3,79.17,111.41
5,031,4,79.01,78.01
5,031,5,78.00,88.02
5,031,6,73.15,105.37
5,031,7,72.14,82.04
5,031,8,69.75,133.47
5,031,9,69.70,128.09
5,031,10,64.49,131.23
5,031,11,62.54,138.67
5,031,12,61.92,116.84
5,031,13,60.87,112.60
5,031,14,60.45,68.64
5,031,15,58.75,138.94
5,031,16,58.76,124.15
5,031,17,56.97,129.95
5,031,18,56.02,102.67
5,031,19,55.20,85.67
5,031,20,54.99,81.20
5,031,21,51.64,123.45
5,031,22,46.76,121.02
5,031,23,47.08,105.91
5,031,24,46.96,89.02
5,031,25,45.95,80.94
5,031,26,43.93,98.00
5,031,27,40.53,84.51
2,032,0,108.21,121.00
0,033,0,125.55,41.46
0,033,1,123.91,39.53
0,033,2,122.20,50.93
0,033,3,120.02,47.40
0,033,4,119.01,62.01
0,033,5,116.78,26.54
0,033,6,113.04,38.98
0,033,7,112.06,60.41
0,033,8,108.12,66.56
0,033,9,107.22,32.56
0,033,10,101.12,28.98
0,033,11,96.02,31.09
0,033,12,95.01,59.74
0,033,13,93.27,45.66
0,033,14,91.99,105.49
0,033,15,91.70,36.13
0,033,16,91.53,118.09
0,033,17,90.99,31.74
0,033,18,88.90,130.00
0,033,19,86.52,86.14
0,033,20,86.97,56.56
0,033,21,81.88,126.51
0,033,22,79.47,81.49
0,033,23,79.01,55.99
0,033,24,77.82,136.18
0,033,25,77.78,62.93
0,033,26,77.00,129.00
0,033,27,75.94,46.00
0,033,28,75.22,71.06
0,033,29,72.16,56.96
0,033,30,71.02,68.06
0,033,31,68.94,74.30
0,033,32,65.15,74.17
0,033,33,60.95,82.17
0,033,34,59.98,77.50
0,033,35,58.10,37.02
0,033,36,57.01,124.78
0,033,37,56.98,72.33
0,033,38,55.98,77.01
0,033,39,54.03,123.97
0,033,40,52.09,36.77
0,033,41,51.07,62.04
0,033,42,48.21,119.74
0,033,43,48.95,96.10
0,033,44,49.17,68.41
0,033,45,47.10,73.99
0,033,46,46.93,38.36
0,033,47,46.25,55.78
0,033,48,43.81,68.34
0,033,49,41.87,60.00
0,033,50,40.10,135.36
0,033,51,40.16,53.05
0,033,52,39.12,125.35
0,033,53,38.08,129.01
0,033,54,37.63,51.19
0,033,55,36.78,142.93
0,033,56,33.00,119.46
0,033,57,32.09,148.27
0,033,58,31.95,130.88
0,033,59,31.40,137.51
0,033,60,29.78,145.19
0,033,61,29.95,116.81
0,033,62,27.38,141.64
0,033,63,26.78,150.92
0,033,64,23.99,136.00
0,033,65,22.69,146.28
0,033,66,20.94,122.78
0,033,67,18.96,135.76
0,033,68,16.06,145.49
0,033,69,13.91,126.95
0,033,70,9.04,0.14
0,033,71,8.53,142.82
0,033,72,7.04,132.98
1,033,0,105.06,38.98
1,033,1,104.98,30.01
1,033,2,100.67,48.38
1,033,3,100.68,23.06
1,033,4,100.20,30.15
1,033,5,96.28,49.26
1,033,6,94.00,38.04
1,033,7,92.13,96.61
1,033,8,91.33,14.90
1,033,9,89.89,115.85
1,033,10,89.79,23.65
1,033,11,87.82,31.18
1,033,12,86.97,55.51
1,033,13,85.03,86.68
1,033,14,85.19,15.91
1,033,15,78.97,132.02
1,033,16,79.23,85.09
1,033,17,79.01,54.09
1,033,18,78.98,24.98
1,033,19,77.81,30.97
1,033,20,75.15,130.50
1,033,21,73.93,47.98
1,033,22,72.61,34.24
1,033,23,72.47,84.09
1,033,24,70.35,49.87
1,033,25,69.84,40.37
1,033,26,69.14,133.86
1,033,27,67.51,72.00
1,033,28,64.98,128.02
1,033,29,64.31,56.65
1,033,30,63.99,62.03
1,033,31,62.86,88.08
1,033,32,62.94,66.04
1,033,33,62.25,47.43
1,033,34,60.73,68.39
1,033,35,58.64,73.78
1,033,36,58.12,131.35
1,033,37,57.99,124.11
1,033,38,58.10,76.64
1,033,39,57.99,65.90
1,033,40,57.25,52.04
1,033,41,54.15,80.03
1,033,42,53.00,143.96
1,033,43,52.90,84.68
1,033,44,52.88,46.12
1,033,45,52.08,150.04
1,033,46,51.37,77.97
1,033,47,50.79,113.54
1,033,48,49.09,105.89
1,033,49,45.94,44.03
1,033,50,45.05,149.99
1,033,51,43.68,132.68
1,033,52,42.89,82.45
1,033,53,42.23,40.91
1,033,54,39.19,146.96
1,033,55,39.01,42.13
1,033,56,38.35,153.02
1,033,57,35.06,79.03
1,033,58,31.90,69.04
1,033,59,30.95,50.95
1,033,60,27.81,65.25
1,033,61,26.56,135.09
1,033,62,25.42,57.16
1,033,63,24.52,138.97
1,033,64,20.80,39.64
1,033,65,18.89,153.21
2,033,0,96.99,38.10
2,033,1,93.94,55.00
2,033,2,92.87,48.01
2,033,3,87.45,66.39
2,033,4,87.10,31.47
2,033,5,85.04,95.25
2,033,6,84.91,46.73
2,033,7,84.90,40.89
2,033,8,84.72,34.01
2,033,9,82.41,130.13
2,033,10,81.08,90.82
2,033,11,79.98,137.00
2,033,12,79.43,98.55
2,033,13,78.95,54.86
2,033,14,79.02,28.05
2,033,15,75.70,40.86
2,033,16,74.14,35.96
2,033,17,71.38,90.54
2,033,18,71.29,59.80
2,033,19,68.48,136.13
2,033,20,65.68,92.32
2,033,21,63.08,73.05
2,033,22,62.94,64.97
2,033,23,62.30,94.57
2,033,24,61.08,67.98
2,033,25,60.72,76.21
2,033,26,60.86,58.92
2,033,27,60.09,81.12
2,033,28,59.05,89.96
2,033,29,59.40,62.76
2,033,30,52.45,92.54
2,033,31,51.21,122.70
2,033,32,51.58,115.11
2,033,33,50.99,84.26
2,033,34,51.71,76.40
2,033,35,49.66,57.89
2,033,36,48.92,92.08
2,033,37,42.29,92.40
2,033,38,41.59,86.24
2,033,39,39.39,55.09
2,033,40,34.69,90.07
2,033,41,34.24,79.19
2,033,42,29.03,86.20
2,033,43,24.46,81.75
2,033,44,22.14,73.94
3,033,0,97.93,125.88
3,033,1,93.22,131.23
3,033,2,89.00,134.00
3,033,3,85.30,100.26
3,033,4,78.96,134.01
3,033,5,75.64,88.19
3,033,6,73.99,43.98
3,033,7,72.99,53.24
3,033,8,72.99,27.95
3,033,9,67.19,92.07
3,033,10,67.26,31.33
3,033,11,66.99,25.01
3,033,12,63.92,41.68
3,033,13,62.62,30.98
3,033,14,61.99,61.00
3,033,15,61.88,20.47
3,033,16,60.91,97.01
3,033,17,61.25,45.99
3,033,18,61.00,36.01
3,033,19,56.78,104.40
3,033,20,56.84,87.60
3,033,21,56.96,30.09
3,033,22,55.59,84.65
3,033,23,53.88,82.19
3,033,24,53.99,73.01
3,033,25,52.30,55.03
3,033,26,50.76,47.59
3,033,27,50.02,64.79
3,033,28,50.05,21.99
3,033,29,49.00,88.30
3,033,30,49.15,54.98
3,033,31,47.87,101.79
3,033,32,47.84,96.30
3,033,33,46.98,70.45
3,033,34,46.74,65.97
3,033,35,45.80,57.66
3,033,36,45.95,45.06
3,033,37,43.44,86.52
3,033,38,42.65,100.18
3,033,39,41.98,63.01
3,033,40,39.18,94.32
3,033,41,37.03,86.22
3,033,42,35.86,102.05
3,033,43,35.09,61.05
3,033,44,30.90,101.10
3,033,45,29.00,94.99
3,033,46,27.56,98.78
3,033,47,23.94,65.00
3,033,48,14.97,77.06
3,033,49,14.26,87.60
4,033,0,145.60,126.01
4,033,1,145.16,143.42
4,033,2,141.04,131.00
4,033,3,135.00,130.53
4,033,4,117.01,106.98
4,033,5,109.73,117.08
4,033,6,107.38,94.58
4,033,7,105.96,89.33
4,033,8,100.06,128.98
4,033,9,97.01,130.00
4,033,10,93.10,135.00
4,033,11,82.01,91.00
4,033,12,73.08,88.01
4,033,13,62.57,114.50
4,033,14,61.06,111.01
4,033,15,61.46,48.78
4,033,16,56.97,88.29
4,033,17,56.81,33.01
4,033,18,54.71,60.91
4,033,19,54.30,88.32
4,033,20,50.88,110.87
4,033,21,48.61,65.47
4,033,22,47.30,111.22
4,033,23,47.99,82.97
4,033,24,46.13,28.84
4,033,25,44.63,87.25
4,033,26,44.29,100.93
4,033,27,43.99,47.01
4,033,28,43.33,26.15
4,033,29,39.09,73.42
4,033,30,39.01,67.71
4,033,31,37.18,103.33
4,033,32,36.92,46.64
4,033,33,36.08,73.38
4,033,34,35.59,106.37
4,033,35,32.91,114.06
4,033,36,32.76,88.16
4,033,37,31.67,66.89
4,033,38,33.01,45.03
4,033,39,31.01,97.99
4,033,40,30.99,26.96
4,033,41,21.01,43.00
4,033,42,21.50,38.10
4,033,43,20.03,102.75
4,033,44,15.01,95.92
4,033,45,13.78,89.88
5,033,0,152.99,57.99
5,033,1,107.05,120.83
5,033,2,101.15,99.26
5,033,3,98.14,93.13
5,033,4,95.90,123.98
5,033,5,93.93,118.66
5,033,6,74.04,97.60
5,033,7,70.82,98.03
5,033,8,65.78,90.85
5,033,9,65.28,112.84
5,033,10,63.55,103.94
5,033,11,62.99,93.30
5,033,12,59.04,108.47
5,033,13,59.01,50.70
5,033,14,57.91,98.12
5,033,15,57.28,64.76
5,033,16,49.63,94.12
5,033,17,47.94,67.02
5,033,18,48.06,26.02
5,033,19,47.02,105.98
5,033,20,45.01,27.02
5,033,21,43.91,43.02
5,033,22,39.59,94.75
5,033,23,40.41,84.41
5,033,24,38.92,100.00
5,033,25,37.99,77.94
5,033,26,37.82,47.98
5,033,27,35.73,29.66
5,033,28,35.04,113.04
5,033,29,34.74,89.92
5,033,30,33.80,75.77
5,033,31,32.98,102.19
5,033,32,32.83,36.04
5,033,33,32.07,69.42
5,033,34,29.94,98.84
5,033,35,27.57,75.01
5,033,36,27.34,32.69
5,033,37,27.05,39.09
5,033,38,25.71,106.00
5,033,39,26.09,79.04
5,033,40,24.42,112.37
5,033,41,22.11,50.07
5,033,42,20.14,114.01
5,033,43,20.81,78.57
5,033,44,9.45,102.96
5,033,45,10.26,86.17
5,033,46,7.12,93.99
0,034,0,39.04,23.99
2,034,0,113.72,116.55
3,034,0,90.10,111.08
4,034,0,122.01,4.00
0,035,0,109.48,124.80
0,035,1,103.41,141.20
0,035,2,102.98,129.07
0,035,3,102.14,115.07
0,035,4,101.12,145.01
0,035,5,96.62,106.65
0,035,6,96.18,137.84
0,035,7,95.24,103.72
0,035,8,92.10,102.26
0,035,9,88.00,101.07
0,035,10,82.00,124.00
0,035,11,81.04,147.89
0,035,12,79.01,106.95
0,035,13,77.61,116.99
0,035,14,77.95,111.07
0,035,15,72.96,125.04
0,035,16,71.80,143.75
0,035,17,71.05,110.66
0,035,18,69.78,139.86
0,035,19,63.06,126.98
0,035,20,64.16,121.96
0,035,21,59.01,123.96
0,035,22,57.22,129.57
1,035,0,111.55,130.56
1,035,1,109.91,121.86
1,035,2,107.00,139.56
1,035,3,104.52,118.11
1,035,4,104.08,63.68
1,035,5,102.97,106.84
1,035,6,100.99,145.06
1,035,7,100.10,127.41
1,035,8,99.10,104.89
1,035,9,96.97,144.33
1,035,10,93.74,103.11
1,035,11,86.90,102.49
1,035,12,86.70,149.83
1,035,13,82.98,148.85
1,035,14,80.81,106.07
1,035,15,75.98,119.99
1,035,16,71.64,140.85
1,035,17,69.99,135.13
1,035,18,64.04,113.11
1,035,19,63.44,109.06
1,035,20,61.02,128.15
1,035,21,60.99,119.98
2,035,0,105.70,117.27
2,035,1,103.97,141.02
2,035,2,102.78,123.67
2,035,3,100.88,109.00
2,035,4,99.19,143.82
2,035,5,95.97,146.01
2,035,6,95.97,104.43
2,035,7,90.86,132.97
2,035,8,88.59,146.74
2,035,9,85.30,99.84
2,035,10,80.11,140.44
2,035,11,79.12,145.96
2,035,12,75.08,115.98
2,035,13,73.09,143.16
2,035,14,71.10,100.90
2,035,15,70.05,125.02
2,035,16,68.03,109.76
2,035,17,66.57,103.47
2,035,18,64.91,133.96
2,035,19,64.23,106.95
2,035,20,61.00,110.00
3,035,0,114.28,118.64
3,035,1,111.00,118.32
3,035,2,109.63,129.06
3,035,3,106.97,110.76
3,035,4,104.82,123.29
3,035,5,102.28,140.75
3,035,6,101.52,116.51
3,035,7,99.56,121.22
3,035,8,97.74,143.01
3,035,9,97.99,126.01
3,035,10,97.01,100.06
3,035,11,89.51,104.63
3,035,12,88.00,136.10
3,035,13,86.69,112.17
3,035,14,86.59,143.86
3,035,15,84.36,96.07
3,035,16,80.07,99.01
3,035,17,73.57,138.09
3,035,18,70.97,99.04
3,035,19,66.54,103.48
3,035,20,45.38,78.52
4,035,0,104.85,119.13
4,035,1,103.87,135.19
4,035,2,97.84,114.59
4,035,3,93.45,149.39
4,035,4,90.87,138.34
4,035,5,89.97,109.07
4,035,6,85.98,148.35
4,035,7,80.31,113.65
4,035,8,72.06,142.74
4,035,9,69.08,103.22
4,035,10,62.88,136.00
5,035,0,99.96,130.57
5,035,1,99.53,113.91
5,035,2,96.08,140.11
5,035,3,95.11,132.40
5,035,4,95.20,125.09
5,035,5,82.55,143.52
5,035,6,78.68,143.20
5,035,7,75.84,111.27
5,035,8,76.48,103.62
5,035,9,73.11,93.06
5,035,10,68.76,135.72
5,035,11,66.90,95.10
5,035,12,64.07,114.06
5,035,13,61.86,91.90
5,035,14,56.98,97.74
5,035,15,50.99,111.91
